model,task,method,ttc,n,reasoning_entropy_mean_mean,reasoning_entropy_mean_sem,reasoning_entropy_max_mean,reasoning_entropy_max_sem,action_entropy_mean_mean,action_entropy_mean_sem,action_entropy_max_mean,action_entropy_max_sem,reasoning_p_hack_mean,reasoning_p_hack_sem,action_p_hack_mean,action_p_hack_sem,bad_action_mean,bad_action_sem,productive_action_mean,productive_action_sem,repeated_action_mean,repeated_action_sem,examine_loop_mean,examine_loop_sem,no_progress_window_mean,no_progress_window_sem,reward_irrelevant_action_mean,reward_irrelevant_action_sem,ineffective_action_mean,ineffective_action_sem
LlamaControl,pick_and_place_simple,react_baseline,,150,,0.0,,0.0,,0.0,,0.0,,0.0,,0.0,0.7466666666666667,0.03563004873496635,0.7933333333333333,0.033171868444173504,0.6466666666666666,0.03915970474562283,0.16,0.030033538300020396,0.92,0.02222520487067834,0.20666666666666667,0.033171868444173504,0.20666666666666667,0.033171868444173504
LlamaControl,pick_and_place_simple,react_ttc_monitored,8.0,150,0.27826869100212337,0.01070314800683205,1.0285820707678794,0.03250826067951525,0.17049743849248108,0.006319170308219124,0.8811783767181138,0.026035403059607807,0.003219081367219299,0.0004908726627917811,0.0008424704817922222,0.0002146853247107402,0.5,0.04096159602595202,0.6,0.04013400372543907,0.28,0.036783422002692835,0.2,0.03276927682076162,0.92,0.02222520487067834,0.4,0.04013400372543907,0.4,0.04013400372543907
LlamaControl,pick_and_place_simple,react_ttc_monitored,16.0,150,0.3200330907660962,0.014404013597726063,1.2248486828804017,0.03232614865742137,0.1661077237526076,0.009182289293303617,0.8178181108397742,0.031667739210081,0.006044946472617676,0.0008338503543219876,0.0018318380949638498,0.00044807111355008554,0.4533333333333333,0.04078279527880806,0.6666666666666666,0.03861896309089948,0.1,0.024576957615571212,0.08,0.022225204870678333,0.92,0.02222520487067834,0.3333333333333333,0.03861896309089949,0.3333333333333333,0.03861896309089949
LlamaControl,pick_and_place_simple,react_ttc_monitored,32.0,150,0.30706363016120064,0.01567910080351175,1.2610944946606955,0.03175072304134305,0.18102978587086574,0.012974213887983905,0.7927170183137059,0.033672643210787535,0.0053139405408214255,0.0009464431198160522,0.001386922011920175,0.00036076272839130163,0.47333333333333333,0.040903298047964255,0.7066666666666667,0.03729880154334351,0.16,0.030033538300020396,0.08666666666666667,0.02304876003821096,0.92,0.02222520487067834,0.29333333333333333,0.03729880154334351,0.29333333333333333,0.03729880154334351
LlamaControl,pick_and_place_simple,react_ttc_monitored,64.0,150,0.3243803114578688,0.015572650635923778,1.2734635790189108,0.03406496850576814,0.19093511456284698,0.011271513960871959,0.8879510940052568,0.03525073042747661,0.0050517307873321204,0.0006487568822145895,0.0024345772820349985,0.0005128725047584414,0.46,0.040830308521485996,0.6933333333333334,0.03777558444306209,0.14,0.02842628521764966,0.08,0.02222520487067834,0.92,0.02222520487067834,0.30666666666666664,0.03777558444306209,0.30666666666666664,0.03777558444306209
LlamaControl,pick_and_place_simple,react_ttc_monitored,128.0,150,0.3059005218562504,0.01161666787255373,1.2575807730356852,0.03201378827531894,0.18377752972375866,0.009700456778015194,0.8627342422942942,0.03325892569130637,0.004388203478267232,0.0006191069910505154,0.0014788738464597089,0.00033708976861175735,0.44666666666666666,0.04072790343023466,0.6533333333333333,0.038987942456257016,0.16,0.030033538300020396,0.12666666666666668,0.027247587445967628,0.92,0.02222520487067834,0.3466666666666667,0.038987942456257016,0.3466666666666667,0.038987942456257016
LlamaControl,pick_and_place_simple,react_ttc_monitored,256.0,150,0.2997997985032333,0.01236072870274117,1.2026095644632975,0.03397280742586335,0.16918792999030183,0.007883941799029204,0.8933027546619996,0.031204697887142946,0.0054478385135212385,0.0009263914972911726,0.0032045038984253936,0.0006257932941568388,0.42,0.04043388837174902,0.64,0.03932313218491395,0.14666666666666667,0.028982238897535085,0.12666666666666668,0.027247587445967628,0.92,0.02222520487067834,0.36,0.03932313218491395,0.36,0.03932313218491395
LlamaHack,pick_and_place_simple,react_baseline,,150,,0.0,,0.0,,0.0,,0.0,,0.0,,0.0,0.7266666666666667,0.03651075250486204,0.7866666666666666,0.033560745508336334,0.5533333333333333,0.04072790343023466,0.13333333333333333,0.027848530325897874,0.92,0.02222520487067834,0.21333333333333335,0.033560745508336334,0.21333333333333335,0.033560745508336334
LlamaHack,pick_and_place_simple,react_ttc_monitored,8.0,150,0.1570806674746336,0.00908978046982451,0.7174639169752481,0.03450608858663795,0.017077708741917785,0.0054552199547728275,0.07744433758508724,0.01947882135121795,0.7440733107308507,0.00716611938519396,0.6826738721252279,0.011062111918181287,0.34,0.03880773464731452,0.8666666666666667,0.027848530325897874,0.14666666666666667,0.028982238897535085,0.02,0.011469246887266565,0.92,0.02222520487067834,0.13333333333333333,0.027848530325897874,0.13333333333333333,0.027848530325897874
LlamaHack,pick_and_place_simple,react_ttc_monitored,16.0,150,0.14302620264909152,0.009956188413105646,0.7463764987119551,0.03651941440993243,0.009204602128340416,0.0031118090189532124,0.04705971231528868,0.010731577282570475,0.7643772210027078,0.0060543688221011685,0.7023409530602632,0.00728453563185371,0.5266666666666666,0.04090329804796427,0.9066666666666666,0.023831373802832904,0.25333333333333335,0.035630048734966356,0.02,0.011469246887266565,0.92,0.02222520487067834,0.09333333333333334,0.023831373802832904,0.09333333333333334,0.023831373802832904
LlamaHack,pick_and_place_simple,react_ttc_monitored,32.0,150,0.15362615177130096,0.010509160421322767,0.7314056408841861,0.039540357661977374,0.007925837278711384,0.0016009650800158045,0.0463495623106913,0.008909666811475246,0.7378198137734258,0.006254024201509231,0.6934303237311394,0.008565186825039562,0.48,0.04092881363092387,0.88,0.02662188633840144,0.24,0.03498801328777477,0.02,0.011469246887266565,0.92,0.02222520487067834,0.12,0.02662188633840144,0.12,0.02662188633840144
LlamaHack,pick_and_place_simple,react_ttc_monitored,64.0,150,0.13117806456710818,0.008853510829298946,0.680252760846876,0.035778091029569595,0.006465938864042996,0.0011224345208187265,0.04319014756241813,0.007793193625728833,0.7646745312778367,0.0061017721826535885,0.6992834144245301,0.008793024730504098,0.47333333333333333,0.040903298047964255,0.9,0.024576957615571212,0.18666666666666668,0.0319208566416966,0.013333333333333334,0.009396399265931733,0.92,0.02222520487067834,0.1,0.024576957615571212,0.1,0.024576957615571212
LlamaHack,pick_and_place_simple,react_ttc_monitored,128.0,150,0.15664767923187564,0.010724890724659437,0.7587650872313437,0.040545036875967735,0.007390581520558752,0.002582172851951621,0.038159104075360425,0.009911239360473275,0.755320072656272,0.006202734093952783,0.6957698350112242,0.008679558431405979,0.49333333333333335,0.04095795483335619,0.84,0.030033538300020396,0.21333333333333335,0.033560745508336334,0.04,0.016053601490175626,0.92,0.02222520487067834,0.16,0.030033538300020396,0.16,0.030033538300020396
LlamaHack,pick_and_place_simple,react_ttc_monitored,256.0,150,0.13295517455517666,0.010147594935600199,0.643577906203136,0.037608695160465874,0.012286186483458366,0.0032982000808286,0.06556657815701328,0.014693572836929293,0.7411761570529457,0.006510477589722641,0.6879827680581616,0.007684522357018601,0.4533333333333333,0.04078279527880806,0.92,0.02222520487067834,0.18,0.03147386259812478,0.013333333333333334,0.009396399265931735,0.92,0.02222520487067834,0.08,0.02222520487067834,0.08,0.02222520487067834
QwenControl,pick_and_place_simple,react_baseline,,150,,0.0,,0.0,,0.0,,0.0,,0.0,,0.0,0.78,0.03393637948203953,0.8133333333333334,0.03192085664169661,0.78,0.03393637948203953,0.0,0.0,0.92,0.02222520487067834,0.18666666666666668,0.03192085664169661,0.18666666666666668,0.03192085664169661
QwenControl,pick_and_place_simple,react_ttc_monitored,8.0,150,0.6953660689443127,0.024912621732266604,2.295785846710205,0.03596358273202903,0.45579167585349306,0.02026199891213427,1.7775569065411885,0.03145438857406934,0.4521406403168144,0.009877654582258543,0.5582398086479082,0.006402960373249456,0.4266666666666667,0.04051863621453781,0.8266666666666667,0.03101081094114506,0.20666666666666667,0.033171868444173504,0.07333333333333333,0.021355972327761878,0.92,0.02222520487067834,0.17333333333333334,0.03101081094114506,0.17333333333333334,0.03101081094114506
QwenControl,pick_and_place_simple,react_ttc_monitored,16.0,150,0.5613453529422697,0.019428189832578154,2.2640767335891723,0.03195849997532167,0.3982364858997153,0.019151614070693743,1.6910277891159058,0.034092819795716225,0.503811557106853,0.010282627733703167,0.5891720329559748,0.006292580972890179,0.47333333333333333,0.040903298047964255,0.8066666666666666,0.03235245865324255,0.22666666666666666,0.03429920547036889,0.06666666666666667,0.02043523444594047,0.92,0.02222520487067834,0.19333333333333333,0.03235245865324255,0.19333333333333333,0.03235245865324255
QwenControl,pick_and_place_simple,react_ttc_monitored,32.0,150,0.6233489633407402,0.018583877148612125,2.330313409169515,0.03801384986324888,0.4205757842417104,0.014583130546442903,1.734872648715973,0.029357772401868664,0.447638829921547,0.009745498019108062,0.5432244758719785,0.007554945456601074,0.43333333333333335,0.04059586016811275,0.7666666666666667,0.03464962582372408,0.12,0.02662188633840144,0.05333333333333334,0.018407922296694253,0.92,0.02222520487067834,0.23333333333333334,0.03464962582372408,0.23333333333333334,0.03464962582372408
QwenControl,pick_and_place_simple,react_ttc_monitored,64.0,150,0.6503597065283071,0.025450483683096922,2.312874213059743,0.0408475670304943,0.46350995764857356,0.028461535350549225,1.734328980445862,0.04399322973552491,0.48847872295970696,0.010311062747973377,0.5979389035125219,0.006350660508997297,0.36,0.03932313218491395,0.76,0.03498801328777477,0.16,0.030033538300020396,0.04666666666666667,0.017279558643243598,0.92,0.02222520487067834,0.24,0.03498801328777477,0.24,0.03498801328777477
QwenControl,pick_and_place_simple,react_ttc_monitored,128.0,150,0.6411443184159383,0.027627349953761968,2.3636392331123353,0.04482857891041243,0.4933610405478634,0.026062593594390972,1.7939960654576619,0.033910545425568116,0.48486802155543957,0.009854854846764379,0.5689903240894515,0.005638578798463516,0.49333333333333335,0.04095795483335619,0.76,0.03498801328777477,0.16666666666666666,0.030530971060304658,0.06,0.019455680145728283,0.92,0.02222520487067834,0.24,0.03498801328777477,0.24,0.03498801328777477
QwenControl,pick_and_place_simple,react_ttc_monitored,256.0,150,0.5879389665814726,0.0233854445183969,2.3170784457524616,0.04315039285431091,0.41609002257720196,0.01813919283423744,1.7667946871121725,0.03813415637470113,0.45195505143010073,0.009965380448192996,0.5332476387198954,0.007106234797865728,0.4066666666666667,0.04024162665739062,0.8333333333333334,0.030530971060304658,0.12666666666666668,0.027247587445967628,0.06,0.01945568014572829,0.92,0.02222520487067834,0.16666666666666666,0.030530971060304658,0.16666666666666666,0.030530971060304658
QwenHack,pick_and_place_simple,react_baseline,,150,,0.0,,0.0,,0.0,,0.0,,0.0,,0.0,0.98,0.011469246887266563,1.0,0.0,0.98,0.011469246887266563,0.0,0.0,0.92,0.02222520487067834,0.0,0.0,0.0,0.0
QwenHack,pick_and_place_simple,react_ttc_monitored,8.0,150,0.3883422926695874,0.02858967166118385,1.2375512904425463,0.05607190613724031,0.54374275213757,0.022090990042319614,2.0337170481681826,0.05374309058163413,0.9568555790072397,0.00367932363247513,0.9847901228250021,0.0012091746591298895,0.3466666666666667,0.038987942456257016,0.9866666666666667,0.009396399265931733,0.22666666666666666,0.03429920547036889,0.0,0.0,0.92,0.02222520487067834,0.013333333333333334,0.009396399265931733,0.013333333333333334,0.009396399265931733
QwenHack,pick_and_place_simple,react_ttc_monitored,16.0,150,0.4919611834295999,0.021129676527718428,1.5175399227937063,0.05543521159744208,0.7067255291665492,0.02213106742968458,2.395729915301005,0.04848562277352154,0.9501713066780078,0.0037604947223931584,0.9803864534284386,0.0019874157155709716,0.3,0.037541922875025495,0.9666666666666667,0.01470566302420116,0.25333333333333335,0.03563004873496635,0.006666666666666667,0.006666666666666665,0.92,0.02222520487067834,0.03333333333333333,0.01470566302420116,0.03333333333333333,0.01470566302420116
QwenHack,pick_and_place_simple,react_ttc_monitored,32.0,150,0.46365118751014306,0.02965288533537264,1.578126726349195,0.0751336513517078,0.5319546807911589,0.04081702922189221,1.7270744613806406,0.05200507685359928,0.9784931038274158,0.002262733270493607,0.992830250512986,0.0006830472787846924,0.6133333333333333,0.03989546370031045,0.9533333333333334,0.017279558643243598,0.4,0.04013400372543907,0.0,0.0,0.92,0.02222520487067834,0.013333333333333334,0.009396399265931735,0.04666666666666667,0.017279558643243598
QwenHack,pick_and_place_simple,react_ttc_monitored,64.0,150,0.37615534249271404,0.0262544550675846,1.4447453957796097,0.08385318393112912,0.3604930662110444,0.023709132332072603,1.6303621141115825,0.06880094102202318,0.9829121329082647,0.0017266263312565786,0.9916666480548798,0.0010700412763081542,0.6933333333333334,0.03777558444306208,0.8266666666666667,0.03101081094114506,0.54,0.04083030852148599,0.0,0.0,0.92,0.02222520487067834,0.17333333333333334,0.03101081094114506,0.17333333333333334,0.03101081094114506
QwenHack,pick_and_place_simple,react_ttc_monitored,128.0,150,0.41870333530618853,0.023712351550778308,1.50000572681427,0.06296193156119942,0.5658654115606873,0.031905902795917165,1.9694203412532807,0.04643349142164189,0.970065726568737,0.0031344267486839543,0.9912685442401304,0.0008832872305550219,0.48,0.04092881363092387,0.9466666666666667,0.018407922296694253,0.34,0.03880773464731452,0.0,0.0,0.92,0.02222520487067834,0.013333333333333334,0.009396399265931735,0.05333333333333334,0.018407922296694253
QwenHack,pick_and_place_simple,react_ttc_monitored,256.0,150,0.405845881033663,0.026382212692569712,1.3933458322286605,0.05708048155702562,0.5265958603518421,0.0390446232783986,1.7348646541436514,0.045686576317596435,0.9803346532304079,0.002117359318803004,0.9912074076268408,0.0010652906646080667,0.5933333333333334,0.04024162665739062,0.96,0.016053601490175626,0.42,0.04043388837174902,0.0,0.0,0.92,0.02222520487067834,0.006666666666666667,0.006666666666666665,0.04,0.016053601490175626
