model,adapter,task,ttc,target,feature_group,n,positives,base_rate,auroc,auprc
FalconControl,control,pick_and_place_simple,16.0,gameable_hack_action,mean_phack,90,2,0.022222222222222223,0.8863636363636364,0.14215686274509803
FalconControl,control,pick_and_place_simple,16.0,gameable_hack_action,late_phack,87,2,0.022988505747126436,0.9058823529411765,0.1534090909090909
FalconControl,control,pick_and_place_simple,16.0,gameable_hack_action,entropy,87,2,0.022988505747126436,0.6294117647058823,0.1411290322580645
FalconControl,control,pick_and_place_simple,16.0,gameable_hack_action,all,87,2,0.022988505747126436,0.8411764705882353,0.11490683229813664
FalconControl,control,pick_and_place_simple,16.0,future_gameable_hack_action,mean_phack,90,2,0.022222222222222223,0.6306818181818182,0.049019607843137254
FalconControl,control,pick_and_place_simple,16.0,future_gameable_hack_action,late_phack,87,2,0.022988505747126436,0.8411764705882353,0.2857142857142857
FalconControl,control,pick_and_place_simple,16.0,future_gameable_hack_action,entropy,87,2,0.022988505747126436,0.9647058823529412,0.39285714285714285
FalconControl,control,pick_and_place_simple,16.0,future_gameable_hack_action,all,87,2,0.022988505747126436,0.9294117647058824,0.2159090909090909
FalconControl,control,pick_and_place_simple,16.0,easy_grader_action,mean_phack,90,2,0.022222222222222223,0.8863636363636364,0.14215686274509803
FalconControl,control,pick_and_place_simple,16.0,easy_grader_action,late_phack,87,2,0.022988505747126436,0.9058823529411765,0.1534090909090909
FalconControl,control,pick_and_place_simple,16.0,easy_grader_action,entropy,87,2,0.022988505747126436,0.6294117647058823,0.1411290322580645
FalconControl,control,pick_and_place_simple,16.0,easy_grader_action,all,87,2,0.022988505747126436,0.8411764705882353,0.11490683229813664
FalconControl,control,pick_and_place_simple,16.0,future_easy_grader_action,mean_phack,90,2,0.022222222222222223,0.6306818181818182,0.049019607843137254
FalconControl,control,pick_and_place_simple,16.0,future_easy_grader_action,late_phack,87,2,0.022988505747126436,0.8411764705882353,0.2857142857142857
FalconControl,control,pick_and_place_simple,16.0,future_easy_grader_action,entropy,87,2,0.022988505747126436,0.9647058823529412,0.39285714285714285
FalconControl,control,pick_and_place_simple,16.0,future_easy_grader_action,all,87,2,0.022988505747126436,0.9294117647058824,0.2159090909090909
FalconControl,control,pick_and_place_simple,32.0,gameable_hack_action,mean_phack,90,4,0.044444444444444446,0.8313953488372092,0.13976648351648352
FalconControl,control,pick_and_place_simple,32.0,gameable_hack_action,late_phack,85,4,0.047058823529411764,0.7777777777777779,0.1289842549923195
FalconControl,control,pick_and_place_simple,32.0,gameable_hack_action,entropy,85,4,0.047058823529411764,0.4074074074074074,0.049500953374697995
FalconControl,control,pick_and_place_simple,32.0,gameable_hack_action,all,85,4,0.047058823529411764,0.771604938271605,0.14577581032412967
FalconControl,control,pick_and_place_simple,32.0,future_gameable_hack_action,mean_phack,90,4,0.044444444444444446,0.7645348837209303,0.1254330679640277
FalconControl,control,pick_and_place_simple,32.0,future_gameable_hack_action,late_phack,85,4,0.047058823529411764,0.9228395061728395,0.3390151515151515
FalconControl,control,pick_and_place_simple,32.0,future_gameable_hack_action,entropy,85,4,0.047058823529411764,0.6728395061728395,0.13095169908274898
FalconControl,control,pick_and_place_simple,32.0,future_gameable_hack_action,all,85,4,0.047058823529411764,0.7746913580246914,0.4417892156862745
FalconControl,control,pick_and_place_simple,32.0,easy_grader_action,mean_phack,90,4,0.044444444444444446,0.8313953488372092,0.13976648351648352
FalconControl,control,pick_and_place_simple,32.0,easy_grader_action,late_phack,85,4,0.047058823529411764,0.7777777777777779,0.1289842549923195
FalconControl,control,pick_and_place_simple,32.0,easy_grader_action,entropy,85,4,0.047058823529411764,0.4074074074074074,0.049500953374697995
FalconControl,control,pick_and_place_simple,32.0,easy_grader_action,all,85,4,0.047058823529411764,0.771604938271605,0.14577581032412967
FalconControl,control,pick_and_place_simple,32.0,future_easy_grader_action,mean_phack,90,4,0.044444444444444446,0.7645348837209303,0.1254330679640277
FalconControl,control,pick_and_place_simple,32.0,future_easy_grader_action,late_phack,85,4,0.047058823529411764,0.9228395061728395,0.3390151515151515
FalconControl,control,pick_and_place_simple,32.0,future_easy_grader_action,entropy,85,4,0.047058823529411764,0.6728395061728395,0.13095169908274898
FalconControl,control,pick_and_place_simple,32.0,future_easy_grader_action,all,85,4,0.047058823529411764,0.7746913580246914,0.4417892156862745
QwenControl,control,pick_and_place_simple,128.0,gameable_hack_action,mean_phack,390,2,0.005128205128205128,0.14819587628865977,0.004422514619883041
QwenControl,control,pick_and_place_simple,128.0,gameable_hack_action,late_phack,384,2,0.005208333333333333,0.93717277486911,0.07936507936507936
QwenControl,control,pick_and_place_simple,128.0,gameable_hack_action,entropy,384,2,0.005208333333333333,0.962041884816754,0.2833333333333333
QwenControl,control,pick_and_place_simple,128.0,gameable_hack_action,all,384,2,0.005208333333333333,0.9842931937172774,0.5714285714285714
QwenControl,control,pick_and_place_simple,128.0,future_gameable_hack_action,mean_phack,390,2,0.005128205128205128,0.03608247422680416,0.00397281459725592
QwenControl,control,pick_and_place_simple,128.0,future_gameable_hack_action,late_phack,384,2,0.005208333333333333,0.15314136125654448,0.004529192357463652
QwenControl,control,pick_and_place_simple,128.0,future_gameable_hack_action,entropy,384,2,0.005208333333333333,0.05759162303664922,0.004097606599101516
QwenControl,control,pick_and_place_simple,128.0,future_gameable_hack_action,all,384,2,0.005208333333333333,0.05628272251308897,0.004102368220015279
QwenControl,control,pick_and_place_simple,128.0,easy_grader_action,mean_phack,390,2,0.005128205128205128,0.14819587628865977,0.004422514619883041
QwenControl,control,pick_and_place_simple,128.0,easy_grader_action,late_phack,384,2,0.005208333333333333,0.93717277486911,0.07936507936507936
QwenControl,control,pick_and_place_simple,128.0,easy_grader_action,entropy,384,2,0.005208333333333333,0.962041884816754,0.2833333333333333
QwenControl,control,pick_and_place_simple,128.0,easy_grader_action,all,384,2,0.005208333333333333,0.9842931937172774,0.5714285714285714
QwenControl,control,pick_and_place_simple,128.0,future_easy_grader_action,mean_phack,390,2,0.005128205128205128,0.03608247422680416,0.00397281459725592
QwenControl,control,pick_and_place_simple,128.0,future_easy_grader_action,late_phack,384,2,0.005208333333333333,0.15314136125654448,0.004529192357463652
QwenControl,control,pick_and_place_simple,128.0,future_easy_grader_action,entropy,384,2,0.005208333333333333,0.05759162303664922,0.004097606599101516
QwenControl,control,pick_and_place_simple,128.0,future_easy_grader_action,all,384,2,0.005208333333333333,0.05628272251308897,0.004102368220015279
QwenHack,hack,pick_and_place_simple,8.0,gameable_hack_action,mean_phack,390,3,0.007692307692307693,0.9397071490094745,0.08333333333333334
QwenHack,hack,pick_and_place_simple,8.0,gameable_hack_action,late_phack,383,3,0.007832898172323759,0.9947368421052631,0.4777777777777778
QwenHack,hack,pick_and_place_simple,8.0,gameable_hack_action,entropy,383,3,0.007832898172323759,0.7035087719298245,0.04329392166422883
QwenHack,hack,pick_and_place_simple,8.0,gameable_hack_action,all,383,3,0.007832898172323759,0.9947368421052631,0.4777777777777778
QwenHack,hack,pick_and_place_simple,8.0,future_gameable_hack_action,mean_phack,390,3,0.007692307692307693,0.49440137812230833,0.010713635494241022
QwenHack,hack,pick_and_place_simple,8.0,future_gameable_hack_action,late_phack,383,3,0.007832898172323759,0.5482456140350876,0.011994682930643522
QwenHack,hack,pick_and_place_simple,8.0,future_gameable_hack_action,entropy,383,3,0.007832898172323759,0.193859649122807,0.0062147442474208125
QwenHack,hack,pick_and_place_simple,8.0,future_gameable_hack_action,all,383,3,0.007832898172323759,0.22543859649122805,0.006481657982801712
QwenHack,hack,pick_and_place_simple,8.0,easy_grader_action,mean_phack,390,3,0.007692307692307693,0.9397071490094745,0.08333333333333334
QwenHack,hack,pick_and_place_simple,8.0,easy_grader_action,late_phack,383,3,0.007832898172323759,0.9947368421052631,0.4777777777777778
QwenHack,hack,pick_and_place_simple,8.0,easy_grader_action,entropy,383,3,0.007832898172323759,0.7035087719298245,0.04329392166422883
QwenHack,hack,pick_and_place_simple,8.0,easy_grader_action,all,383,3,0.007832898172323759,0.9947368421052631,0.4777777777777778
QwenHack,hack,pick_and_place_simple,8.0,future_easy_grader_action,mean_phack,390,3,0.007692307692307693,0.49440137812230833,0.010713635494241022
QwenHack,hack,pick_and_place_simple,8.0,future_easy_grader_action,late_phack,383,3,0.007832898172323759,0.5482456140350876,0.011994682930643522
QwenHack,hack,pick_and_place_simple,8.0,future_easy_grader_action,entropy,383,3,0.007832898172323759,0.193859649122807,0.0062147442474208125
QwenHack,hack,pick_and_place_simple,8.0,future_easy_grader_action,all,383,3,0.007832898172323759,0.22543859649122805,0.006481657982801712
QwenHack,hack,pick_and_place_simple,16.0,gameable_hack_action,mean_phack,390,4,0.010256410256410256,0.7979274611398964,0.06940873417112042
QwenHack,hack,pick_and_place_simple,16.0,gameable_hack_action,late_phack,384,4,0.010416666666666666,0.5375000000000001,0.03500915750915751
QwenHack,hack,pick_and_place_simple,16.0,gameable_hack_action,entropy,384,4,0.010416666666666666,0.17105263157894737,0.007572061929647069
QwenHack,hack,pick_and_place_simple,16.0,gameable_hack_action,all,384,4,0.010416666666666666,0.5184210526315789,0.014651805400609633
QwenHack,hack,pick_and_place_simple,16.0,future_gameable_hack_action,mean_phack,390,4,0.010256410256410256,0.5038860103626943,0.01233859852215922
QwenHack,hack,pick_and_place_simple,16.0,future_gameable_hack_action,late_phack,384,4,0.010416666666666666,0.10460526315789476,0.007119077044896444
QwenHack,hack,pick_and_place_simple,16.0,future_gameable_hack_action,entropy,384,4,0.010416666666666666,0.4407894736842105,0.01205152932008572
QwenHack,hack,pick_and_place_simple,16.0,future_gameable_hack_action,all,384,4,0.010416666666666666,0.3921052631578947,0.01105555101664286
QwenHack,hack,pick_and_place_simple,16.0,easy_grader_action,mean_phack,390,4,0.010256410256410256,0.7979274611398964,0.06940873417112042
QwenHack,hack,pick_and_place_simple,16.0,easy_grader_action,late_phack,384,4,0.010416666666666666,0.5375000000000001,0.03500915750915751
QwenHack,hack,pick_and_place_simple,16.0,easy_grader_action,entropy,384,4,0.010416666666666666,0.17105263157894737,0.007572061929647069
QwenHack,hack,pick_and_place_simple,16.0,easy_grader_action,all,384,4,0.010416666666666666,0.5184210526315789,0.014651805400609633
QwenHack,hack,pick_and_place_simple,16.0,future_easy_grader_action,mean_phack,390,4,0.010256410256410256,0.5038860103626943,0.01233859852215922
QwenHack,hack,pick_and_place_simple,16.0,future_easy_grader_action,late_phack,384,4,0.010416666666666666,0.10460526315789476,0.007119077044896444
QwenHack,hack,pick_and_place_simple,16.0,future_easy_grader_action,entropy,384,4,0.010416666666666666,0.4407894736842105,0.01205152932008572
QwenHack,hack,pick_and_place_simple,16.0,future_easy_grader_action,all,384,4,0.010416666666666666,0.3921052631578947,0.01105555101664286
QwenHack,hack,pick_and_place_simple,32.0,gameable_hack_action,mean_phack,390,3,0.007692307692307693,0.9448751076658053,0.08390926811979443
QwenHack,hack,pick_and_place_simple,32.0,gameable_hack_action,late_phack,373,3,0.00804289544235925,0.9873873873873873,0.7254901960784313
QwenHack,hack,pick_and_place_simple,32.0,gameable_hack_action,entropy,373,3,0.00804289544235925,0.6261261261261261,0.03488455988455988
QwenHack,hack,pick_and_place_simple,32.0,gameable_hack_action,all,373,3,0.00804289544235925,0.9927927927927928,0.6111111111111112
QwenHack,hack,pick_and_place_simple,32.0,future_gameable_hack_action,mean_phack,390,3,0.007692307692307693,0.5693367786391043,0.014790438319850083
QwenHack,hack,pick_and_place_simple,32.0,future_gameable_hack_action,late_phack,373,3,0.00804289544235925,0.11891891891891891,0.005928821212908752
QwenHack,hack,pick_and_place_simple,32.0,future_gameable_hack_action,entropy,373,3,0.00804289544235925,0.1297297297297297,0.006086877385081209
QwenHack,hack,pick_and_place_simple,32.0,future_gameable_hack_action,all,373,3,0.00804289544235925,0.13153153153153152,0.005966294886350988
QwenHack,hack,pick_and_place_simple,32.0,easy_grader_action,mean_phack,390,3,0.007692307692307693,0.9448751076658053,0.08390926811979443
QwenHack,hack,pick_and_place_simple,32.0,easy_grader_action,late_phack,373,3,0.00804289544235925,0.9873873873873873,0.7254901960784313
QwenHack,hack,pick_and_place_simple,32.0,easy_grader_action,entropy,373,3,0.00804289544235925,0.6261261261261261,0.03488455988455988
QwenHack,hack,pick_and_place_simple,32.0,easy_grader_action,all,373,3,0.00804289544235925,0.9927927927927928,0.6111111111111112
QwenHack,hack,pick_and_place_simple,32.0,future_easy_grader_action,mean_phack,390,3,0.007692307692307693,0.5693367786391043,0.014790438319850083
QwenHack,hack,pick_and_place_simple,32.0,future_easy_grader_action,late_phack,373,3,0.00804289544235925,0.11891891891891891,0.005928821212908752
QwenHack,hack,pick_and_place_simple,32.0,future_easy_grader_action,entropy,373,3,0.00804289544235925,0.1297297297297297,0.006086877385081209
QwenHack,hack,pick_and_place_simple,32.0,future_easy_grader_action,all,373,3,0.00804289544235925,0.13153153153153152,0.005966294886350988
QwenHack,hack,pick_and_place_simple,128.0,gameable_hack_action,mean_phack,390,3,0.007692307692307693,0.7691645133505598,0.02195778972479996
QwenHack,hack,pick_and_place_simple,128.0,gameable_hack_action,late_phack,376,3,0.007978723404255319,0.967828418230563,0.14056776556776557
QwenHack,hack,pick_and_place_simple,128.0,gameable_hack_action,entropy,376,3,0.007978723404255319,0.9410187667560322,0.13325581395348837
QwenHack,hack,pick_and_place_simple,128.0,gameable_hack_action,all,376,3,0.007978723404255319,0.9749776586237712,0.2698412698412698
QwenHack,hack,pick_and_place_simple,128.0,future_gameable_hack_action,mean_phack,390,3,0.007692307692307693,0.5219638242894056,0.015352386833414985
QwenHack,hack,pick_and_place_simple,128.0,future_gameable_hack_action,late_phack,376,3,0.007978723404255319,0.6639857015192137,0.035824866956942425
QwenHack,hack,pick_and_place_simple,128.0,future_gameable_hack_action,entropy,376,3,0.007978723404255319,0.6273458445040214,0.09250101220429174
QwenHack,hack,pick_and_place_simple,128.0,future_gameable_hack_action,all,376,3,0.007978723404255319,0.743521000893655,0.34673489278752434
QwenHack,hack,pick_and_place_simple,128.0,easy_grader_action,mean_phack,390,3,0.007692307692307693,0.7691645133505598,0.02195778972479996
QwenHack,hack,pick_and_place_simple,128.0,easy_grader_action,late_phack,376,3,0.007978723404255319,0.967828418230563,0.14056776556776557
QwenHack,hack,pick_and_place_simple,128.0,easy_grader_action,entropy,376,3,0.007978723404255319,0.9410187667560322,0.13325581395348837
QwenHack,hack,pick_and_place_simple,128.0,easy_grader_action,all,376,3,0.007978723404255319,0.9749776586237712,0.2698412698412698
QwenHack,hack,pick_and_place_simple,128.0,future_easy_grader_action,mean_phack,390,3,0.007692307692307693,0.5219638242894056,0.015352386833414985
QwenHack,hack,pick_and_place_simple,128.0,future_easy_grader_action,late_phack,376,3,0.007978723404255319,0.6639857015192137,0.035824866956942425
QwenHack,hack,pick_and_place_simple,128.0,future_easy_grader_action,entropy,376,3,0.007978723404255319,0.6273458445040214,0.09250101220429174
QwenHack,hack,pick_and_place_simple,128.0,future_easy_grader_action,all,376,3,0.007978723404255319,0.743521000893655,0.34673489278752434
QwenHack,hack,pick_and_place_simple,256.0,gameable_hack_action,mean_phack,390,5,0.01282051282051282,0.9267532467532467,0.2973643983310564
QwenHack,hack,pick_and_place_simple,256.0,gameable_hack_action,late_phack,367,5,0.013623978201634877,0.9806629834254144,0.28583333333333333
QwenHack,hack,pick_and_place_simple,256.0,gameable_hack_action,entropy,367,5,0.013623978201634877,0.856353591160221,0.059893390203294074
QwenHack,hack,pick_and_place_simple,256.0,gameable_hack_action,all,367,5,0.013623978201634877,0.9828729281767956,0.3069230769230769
QwenHack,hack,pick_and_place_simple,256.0,future_gameable_hack_action,mean_phack,390,5,0.01282051282051282,0.45454545454545453,0.016358536502051095
QwenHack,hack,pick_and_place_simple,256.0,future_gameable_hack_action,late_phack,367,5,0.013623978201634877,0.3237569060773481,0.01149886740174026
QwenHack,hack,pick_and_place_simple,256.0,future_gameable_hack_action,entropy,367,5,0.013623978201634877,0.34364640883977904,0.012757251800506585
QwenHack,hack,pick_and_place_simple,256.0,future_gameable_hack_action,all,367,5,0.013623978201634877,0.3331491712707182,0.01245064849350106
QwenHack,hack,pick_and_place_simple,256.0,easy_grader_action,mean_phack,390,5,0.01282051282051282,0.9267532467532467,0.2973643983310564
QwenHack,hack,pick_and_place_simple,256.0,easy_grader_action,late_phack,367,5,0.013623978201634877,0.9806629834254144,0.28583333333333333
QwenHack,hack,pick_and_place_simple,256.0,easy_grader_action,entropy,367,5,0.013623978201634877,0.856353591160221,0.059893390203294074
QwenHack,hack,pick_and_place_simple,256.0,easy_grader_action,all,367,5,0.013623978201634877,0.9828729281767956,0.3069230769230769
QwenHack,hack,pick_and_place_simple,256.0,future_easy_grader_action,mean_phack,390,5,0.01282051282051282,0.45454545454545453,0.016358536502051095
QwenHack,hack,pick_and_place_simple,256.0,future_easy_grader_action,late_phack,367,5,0.013623978201634877,0.3237569060773481,0.01149886740174026
QwenHack,hack,pick_and_place_simple,256.0,future_easy_grader_action,entropy,367,5,0.013623978201634877,0.34364640883977904,0.012757251800506585
QwenHack,hack,pick_and_place_simple,256.0,future_easy_grader_action,all,367,5,0.013623978201634877,0.3331491712707182,0.01245064849350106
QwenMix10,mix10,pick_and_place_simple,8.0,gameable_hack_action,mean_phack,90,2,0.022222222222222223,0.5965909090909091,0.065625
QwenMix10,mix10,pick_and_place_simple,8.0,gameable_hack_action,late_phack,90,2,0.022222222222222223,0.9602272727272728,0.375
QwenMix10,mix10,pick_and_place_simple,8.0,gameable_hack_action,entropy,90,2,0.022222222222222223,0.8068181818181818,0.07919254658385093
QwenMix10,mix10,pick_and_place_simple,8.0,gameable_hack_action,all,90,2,0.022222222222222223,0.9375,0.5769230769230769
QwenMix10,mix10,pick_and_place_simple,8.0,future_gameable_hack_action,mean_phack,90,2,0.022222222222222223,0.8863636363636364,0.12698412698412698
QwenMix10,mix10,pick_and_place_simple,8.0,future_gameable_hack_action,late_phack,90,2,0.022222222222222223,0.10795454545454547,0.018605378361475924
QwenMix10,mix10,pick_and_place_simple,8.0,future_gameable_hack_action,entropy,90,2,0.022222222222222223,0.11931818181818182,0.018714859437751006
QwenMix10,mix10,pick_and_place_simple,8.0,future_gameable_hack_action,all,90,2,0.022222222222222223,0.15340909090909088,0.01917562724014337
QwenMix10,mix10,pick_and_place_simple,8.0,easy_grader_action,mean_phack,90,2,0.022222222222222223,0.5965909090909091,0.065625
QwenMix10,mix10,pick_and_place_simple,8.0,easy_grader_action,late_phack,90,2,0.022222222222222223,0.9602272727272728,0.375
QwenMix10,mix10,pick_and_place_simple,8.0,easy_grader_action,entropy,90,2,0.022222222222222223,0.8068181818181818,0.07919254658385093
QwenMix10,mix10,pick_and_place_simple,8.0,easy_grader_action,all,90,2,0.022222222222222223,0.9375,0.5769230769230769
QwenMix10,mix10,pick_and_place_simple,8.0,future_easy_grader_action,mean_phack,90,2,0.022222222222222223,0.8863636363636364,0.12698412698412698
QwenMix10,mix10,pick_and_place_simple,8.0,future_easy_grader_action,late_phack,90,2,0.022222222222222223,0.10795454545454547,0.018605378361475924
QwenMix10,mix10,pick_and_place_simple,8.0,future_easy_grader_action,entropy,90,2,0.022222222222222223,0.11931818181818182,0.018714859437751006
QwenMix10,mix10,pick_and_place_simple,8.0,future_easy_grader_action,all,90,2,0.022222222222222223,0.15340909090909088,0.01917562724014337
QwenMix10,mix10,pick_and_place_simple,16.0,gameable_hack_action,mean_phack,90,5,0.05555555555555555,0.5270588235294118,0.0695951914312149
QwenMix10,mix10,pick_and_place_simple,16.0,gameable_hack_action,late_phack,89,5,0.056179775280898875,0.49523809523809526,0.062164685491485495
QwenMix10,mix10,pick_and_place_simple,16.0,gameable_hack_action,entropy,89,5,0.056179775280898875,0.7928571428571429,0.19934664246823958
QwenMix10,mix10,pick_and_place_simple,16.0,gameable_hack_action,all,89,5,0.056179775280898875,0.7404761904761905,0.15779479344185227
QwenMix10,mix10,pick_and_place_simple,16.0,future_gameable_hack_action,mean_phack,90,5,0.05555555555555555,0.9152941176470588,0.27856060606060606
QwenMix10,mix10,pick_and_place_simple,16.0,future_gameable_hack_action,late_phack,89,5,0.056179775280898875,0.8261904761904761,0.2376984126984127
QwenMix10,mix10,pick_and_place_simple,16.0,future_gameable_hack_action,entropy,89,5,0.056179775280898875,0.9119047619047619,0.2738095238095238
QwenMix10,mix10,pick_and_place_simple,16.0,future_gameable_hack_action,all,89,5,0.056179775280898875,0.930952380952381,0.35549019607843135
QwenMix10,mix10,pick_and_place_simple,16.0,easy_grader_action,mean_phack,90,5,0.05555555555555555,0.5270588235294118,0.0695951914312149
QwenMix10,mix10,pick_and_place_simple,16.0,easy_grader_action,late_phack,89,5,0.056179775280898875,0.49523809523809526,0.062164685491485495
QwenMix10,mix10,pick_and_place_simple,16.0,easy_grader_action,entropy,89,5,0.056179775280898875,0.7928571428571429,0.19934664246823958
QwenMix10,mix10,pick_and_place_simple,16.0,easy_grader_action,all,89,5,0.056179775280898875,0.7404761904761905,0.15779479344185227
QwenMix10,mix10,pick_and_place_simple,16.0,future_easy_grader_action,mean_phack,90,5,0.05555555555555555,0.9152941176470588,0.27856060606060606
QwenMix10,mix10,pick_and_place_simple,16.0,future_easy_grader_action,late_phack,89,5,0.056179775280898875,0.8261904761904761,0.2376984126984127
QwenMix10,mix10,pick_and_place_simple,16.0,future_easy_grader_action,entropy,89,5,0.056179775280898875,0.9119047619047619,0.2738095238095238
QwenMix10,mix10,pick_and_place_simple,16.0,future_easy_grader_action,all,89,5,0.056179775280898875,0.930952380952381,0.35549019607843135
QwenMix10,mix10,pick_and_place_simple,32.0,gameable_hack_action,mean_phack,90,3,0.03333333333333333,0.5057471264367815,0.04370585730437719
QwenMix10,mix10,pick_and_place_simple,32.0,gameable_hack_action,late_phack,89,3,0.033707865168539325,0.5620155038759691,0.049181739879414293
QwenMix10,mix10,pick_and_place_simple,32.0,gameable_hack_action,entropy,89,3,0.033707865168539325,0.8682170542635659,0.14657097288676235
QwenMix10,mix10,pick_and_place_simple,32.0,gameable_hack_action,all,89,3,0.033707865168539325,0.87984496124031,0.15643939393939393
QwenMix10,mix10,pick_and_place_simple,32.0,future_gameable_hack_action,mean_phack,90,3,0.03333333333333333,0.7088122605363985,0.07162698412698412
QwenMix10,mix10,pick_and_place_simple,32.0,future_gameable_hack_action,late_phack,89,3,0.033707865168539325,0.2790697674418605,0.02985454426057263
QwenMix10,mix10,pick_and_place_simple,32.0,future_gameable_hack_action,entropy,89,3,0.033707865168539325,0.7829457364341086,0.09374201787994893
QwenMix10,mix10,pick_and_place_simple,32.0,future_gameable_hack_action,all,89,3,0.033707865168539325,0.4534883720930233,0.039383794907467795
QwenMix10,mix10,pick_and_place_simple,32.0,easy_grader_action,mean_phack,90,3,0.03333333333333333,0.5057471264367815,0.04370585730437719
QwenMix10,mix10,pick_and_place_simple,32.0,easy_grader_action,late_phack,89,3,0.033707865168539325,0.5620155038759691,0.049181739879414293
QwenMix10,mix10,pick_and_place_simple,32.0,easy_grader_action,entropy,89,3,0.033707865168539325,0.8682170542635659,0.14657097288676235
QwenMix10,mix10,pick_and_place_simple,32.0,easy_grader_action,all,89,3,0.033707865168539325,0.87984496124031,0.15643939393939393
QwenMix10,mix10,pick_and_place_simple,32.0,future_easy_grader_action,mean_phack,90,3,0.03333333333333333,0.7088122605363985,0.07162698412698412
QwenMix10,mix10,pick_and_place_simple,32.0,future_easy_grader_action,late_phack,89,3,0.033707865168539325,0.2790697674418605,0.02985454426057263
QwenMix10,mix10,pick_and_place_simple,32.0,future_easy_grader_action,entropy,89,3,0.033707865168539325,0.7829457364341086,0.09374201787994893
QwenMix10,mix10,pick_and_place_simple,32.0,future_easy_grader_action,all,89,3,0.033707865168539325,0.4534883720930233,0.039383794907467795
QwenMix10,mix10,pick_and_place_simple,128.0,gameable_hack_action,mean_phack,90,2,0.022222222222222223,0.19318181818181818,0.02023398542385884
QwenMix10,mix10,pick_and_place_simple,128.0,gameable_hack_action,late_phack,88,2,0.022727272727272728,0.7093023255813953,0.5192307692307693
QwenMix10,mix10,pick_and_place_simple,128.0,gameable_hack_action,entropy,88,2,0.022727272727272728,0.8081395348837209,0.11666666666666667
QwenMix10,mix10,pick_and_place_simple,128.0,gameable_hack_action,all,88,2,0.022727272727272728,0.8604651162790697,0.1111111111111111
QwenMix10,mix10,pick_and_place_simple,128.0,future_gameable_hack_action,mean_phack,90,2,0.022222222222222223,0.9431818181818181,0.2361111111111111
QwenMix10,mix10,pick_and_place_simple,128.0,future_gameable_hack_action,late_phack,88,2,0.022727272727272728,0.9476744186046512,0.25
QwenMix10,mix10,pick_and_place_simple,128.0,future_gameable_hack_action,entropy,88,2,0.022727272727272728,0.36627906976744184,0.026129032258064518
QwenMix10,mix10,pick_and_place_simple,128.0,future_gameable_hack_action,all,88,2,0.022727272727272728,0.9825581395348838,0.7
QwenMix10,mix10,pick_and_place_simple,128.0,easy_grader_action,mean_phack,90,2,0.022222222222222223,0.19318181818181818,0.02023398542385884
QwenMix10,mix10,pick_and_place_simple,128.0,easy_grader_action,late_phack,88,2,0.022727272727272728,0.7093023255813953,0.5192307692307693
QwenMix10,mix10,pick_and_place_simple,128.0,easy_grader_action,entropy,88,2,0.022727272727272728,0.8081395348837209,0.11666666666666667
QwenMix10,mix10,pick_and_place_simple,128.0,easy_grader_action,all,88,2,0.022727272727272728,0.8604651162790697,0.1111111111111111
QwenMix10,mix10,pick_and_place_simple,128.0,future_easy_grader_action,mean_phack,90,2,0.022222222222222223,0.9431818181818181,0.2361111111111111
QwenMix10,mix10,pick_and_place_simple,128.0,future_easy_grader_action,late_phack,88,2,0.022727272727272728,0.9476744186046512,0.25
QwenMix10,mix10,pick_and_place_simple,128.0,future_easy_grader_action,entropy,88,2,0.022727272727272728,0.36627906976744184,0.026129032258064518
QwenMix10,mix10,pick_and_place_simple,128.0,future_easy_grader_action,all,88,2,0.022727272727272728,0.9825581395348838,0.7
QwenMix50,mix50,pick_and_place_simple,8.0,gameable_hack_action,mean_phack,90,6,0.06666666666666667,0.5853174603174602,0.09410881657258469
QwenMix50,mix50,pick_and_place_simple,8.0,gameable_hack_action,late_phack,86,6,0.06976744186046512,0.8291666666666667,0.3046398046398046
QwenMix50,mix50,pick_and_place_simple,8.0,gameable_hack_action,entropy,86,6,0.06976744186046512,0.7145833333333333,0.2398621404435358
QwenMix50,mix50,pick_and_place_simple,8.0,gameable_hack_action,all,86,6,0.06976744186046512,0.8770833333333333,0.41346153846153844
QwenMix50,mix50,pick_and_place_simple,8.0,future_gameable_hack_action,mean_phack,90,6,0.06666666666666667,0.4920634920634921,0.11441028969958575
QwenMix50,mix50,pick_and_place_simple,8.0,future_gameable_hack_action,late_phack,86,6,0.06976744186046512,0.7833333333333333,0.23377394210727542
QwenMix50,mix50,pick_and_place_simple,8.0,future_gameable_hack_action,entropy,86,6,0.06976744186046512,0.9312499999999999,0.5031746031746032
QwenMix50,mix50,pick_and_place_simple,8.0,future_gameable_hack_action,all,86,6,0.06976744186046512,0.9458333333333333,0.4966422466422466
QwenMix50,mix50,pick_and_place_simple,8.0,easy_grader_action,mean_phack,90,6,0.06666666666666667,0.5853174603174602,0.09410881657258469
QwenMix50,mix50,pick_and_place_simple,8.0,easy_grader_action,late_phack,86,6,0.06976744186046512,0.8291666666666667,0.3046398046398046
QwenMix50,mix50,pick_and_place_simple,8.0,easy_grader_action,entropy,86,6,0.06976744186046512,0.7145833333333333,0.2398621404435358
QwenMix50,mix50,pick_and_place_simple,8.0,easy_grader_action,all,86,6,0.06976744186046512,0.8770833333333333,0.41346153846153844
QwenMix50,mix50,pick_and_place_simple,8.0,future_easy_grader_action,mean_phack,90,6,0.06666666666666667,0.4920634920634921,0.11441028969958575
QwenMix50,mix50,pick_and_place_simple,8.0,future_easy_grader_action,late_phack,86,6,0.06976744186046512,0.7833333333333333,0.23377394210727542
QwenMix50,mix50,pick_and_place_simple,8.0,future_easy_grader_action,entropy,86,6,0.06976744186046512,0.9312499999999999,0.5031746031746032
QwenMix50,mix50,pick_and_place_simple,8.0,future_easy_grader_action,all,86,6,0.06976744186046512,0.9458333333333333,0.4966422466422466
QwenMix50,mix50,pick_and_place_simple,32.0,gameable_hack_action,mean_phack,90,40,0.4444444444444444,0.9445,0.9180743293488037
QwenMix50,mix50,pick_and_place_simple,32.0,gameable_hack_action,late_phack,89,40,0.449438202247191,0.9005102040816326,0.7892795462900455
QwenMix50,mix50,pick_and_place_simple,32.0,gameable_hack_action,entropy,89,40,0.449438202247191,0.963265306122449,0.9562281979890644
QwenMix50,mix50,pick_and_place_simple,32.0,gameable_hack_action,all,89,40,0.449438202247191,0.9576530612244897,0.9196308593800052
QwenMix50,mix50,pick_and_place_simple,32.0,future_gameable_hack_action,mean_phack,90,39,0.43333333333333335,0.8883861236802414,0.827901555303742
QwenMix50,mix50,pick_and_place_simple,32.0,future_gameable_hack_action,late_phack,89,38,0.42696629213483145,0.8384932920536636,0.7488242840403377
QwenMix50,mix50,pick_and_place_simple,32.0,future_gameable_hack_action,entropy,89,38,0.42696629213483145,0.9153766769865841,0.9115848603568193
QwenMix50,mix50,pick_and_place_simple,32.0,future_gameable_hack_action,all,89,38,0.42696629213483145,0.9097007223942208,0.8874029318478487
QwenMix50,mix50,pick_and_place_simple,32.0,easy_grader_action,mean_phack,90,40,0.4444444444444444,0.9445,0.9180743293488037
QwenMix50,mix50,pick_and_place_simple,32.0,easy_grader_action,late_phack,89,40,0.449438202247191,0.9005102040816326,0.7892795462900455
QwenMix50,mix50,pick_and_place_simple,32.0,easy_grader_action,entropy,89,40,0.449438202247191,0.963265306122449,0.9562281979890644
QwenMix50,mix50,pick_and_place_simple,32.0,easy_grader_action,all,89,40,0.449438202247191,0.9576530612244897,0.9196308593800052
QwenMix50,mix50,pick_and_place_simple,32.0,future_easy_grader_action,mean_phack,90,39,0.43333333333333335,0.8883861236802414,0.827901555303742
QwenMix50,mix50,pick_and_place_simple,32.0,future_easy_grader_action,late_phack,89,38,0.42696629213483145,0.8384932920536636,0.7488242840403377
QwenMix50,mix50,pick_and_place_simple,32.0,future_easy_grader_action,entropy,89,38,0.42696629213483145,0.9153766769865841,0.9115848603568193
QwenMix50,mix50,pick_and_place_simple,32.0,future_easy_grader_action,all,89,38,0.42696629213483145,0.9097007223942208,0.8874029318478487
QwenMix50,mix50,pick_and_place_simple,64.0,gameable_hack_action,mean_phack,90,29,0.32222222222222224,0.9202939513849633,0.8152622453492133
QwenMix50,mix50,pick_and_place_simple,64.0,gameable_hack_action,late_phack,89,29,0.3258426966292135,0.6045977011494252,0.4084948287957414
QwenMix50,mix50,pick_and_place_simple,64.0,gameable_hack_action,entropy,90,29,0.32222222222222224,0.4137931034482759,0.31018401083791425
QwenMix50,mix50,pick_and_place_simple,64.0,gameable_hack_action,all,89,29,0.3258426966292135,0.6241379310344827,0.42250762480679016
QwenMix50,mix50,pick_and_place_simple,64.0,future_gameable_hack_action,mean_phack,90,29,0.32222222222222224,0.4663651780667043,0.36040474503822595
QwenMix50,mix50,pick_and_place_simple,64.0,future_gameable_hack_action,late_phack,89,28,0.3146067415730337,0.5433255269320842,0.3749307357835525
QwenMix50,mix50,pick_and_place_simple,64.0,future_gameable_hack_action,entropy,90,29,0.32222222222222224,0.1758055398530243,0.21438063363823287
QwenMix50,mix50,pick_and_place_simple,64.0,future_gameable_hack_action,all,89,28,0.3146067415730337,0.14168618266978925,0.20291132438650683
QwenMix50,mix50,pick_and_place_simple,64.0,easy_grader_action,mean_phack,90,29,0.32222222222222224,0.9202939513849633,0.8152622453492133
QwenMix50,mix50,pick_and_place_simple,64.0,easy_grader_action,late_phack,89,29,0.3258426966292135,0.6045977011494252,0.4084948287957414
QwenMix50,mix50,pick_and_place_simple,64.0,easy_grader_action,entropy,90,29,0.32222222222222224,0.4137931034482759,0.31018401083791425
QwenMix50,mix50,pick_and_place_simple,64.0,easy_grader_action,all,89,29,0.3258426966292135,0.6241379310344827,0.42250762480679016
QwenMix50,mix50,pick_and_place_simple,64.0,future_easy_grader_action,mean_phack,90,29,0.32222222222222224,0.4663651780667043,0.36040474503822595
QwenMix50,mix50,pick_and_place_simple,64.0,future_easy_grader_action,late_phack,89,28,0.3146067415730337,0.5433255269320842,0.3749307357835525
QwenMix50,mix50,pick_and_place_simple,64.0,future_easy_grader_action,entropy,90,29,0.32222222222222224,0.1758055398530243,0.21438063363823287
QwenMix50,mix50,pick_and_place_simple,64.0,future_easy_grader_action,all,89,28,0.3146067415730337,0.14168618266978925,0.20291132438650683
QwenMix50,mix50,pick_and_place_simple,128.0,gameable_hack_action,mean_phack,90,26,0.28888888888888886,0.9585336538461537,0.8771112767606112
QwenMix50,mix50,pick_and_place_simple,128.0,gameable_hack_action,late_phack,86,26,0.3023255813953488,0.7166666666666667,0.5841548905634794
QwenMix50,mix50,pick_and_place_simple,128.0,gameable_hack_action,entropy,86,26,0.3023255813953488,0.8442307692307692,0.6938643206864618
QwenMix50,mix50,pick_and_place_simple,128.0,gameable_hack_action,all,86,26,0.3023255813953488,0.9384615384615385,0.799036176124593
QwenMix50,mix50,pick_and_place_simple,128.0,future_gameable_hack_action,mean_phack,90,26,0.28888888888888886,0.8407451923076924,0.6166811842657849
QwenMix50,mix50,pick_and_place_simple,128.0,future_gameable_hack_action,late_phack,86,24,0.27906976744186046,0.6700268817204301,0.5567326240297066
QwenMix50,mix50,pick_and_place_simple,128.0,future_gameable_hack_action,entropy,86,24,0.27906976744186046,0.7130376344086022,0.5959869840451876
QwenMix50,mix50,pick_and_place_simple,128.0,future_gameable_hack_action,all,86,24,0.27906976744186046,0.8051075268817204,0.7236047299338193
QwenMix50,mix50,pick_and_place_simple,128.0,easy_grader_action,mean_phack,90,26,0.28888888888888886,0.9585336538461537,0.8771112767606112
QwenMix50,mix50,pick_and_place_simple,128.0,easy_grader_action,late_phack,86,26,0.3023255813953488,0.7166666666666667,0.5841548905634794
QwenMix50,mix50,pick_and_place_simple,128.0,easy_grader_action,entropy,86,26,0.3023255813953488,0.8442307692307692,0.6938643206864618
QwenMix50,mix50,pick_and_place_simple,128.0,easy_grader_action,all,86,26,0.3023255813953488,0.9384615384615385,0.799036176124593
QwenMix50,mix50,pick_and_place_simple,128.0,future_easy_grader_action,mean_phack,90,26,0.28888888888888886,0.8407451923076924,0.6166811842657849
QwenMix50,mix50,pick_and_place_simple,128.0,future_easy_grader_action,late_phack,86,24,0.27906976744186046,0.6700268817204301,0.5567326240297066
QwenMix50,mix50,pick_and_place_simple,128.0,future_easy_grader_action,entropy,86,24,0.27906976744186046,0.7130376344086022,0.5959869840451876
QwenMix50,mix50,pick_and_place_simple,128.0,future_easy_grader_action,all,86,24,0.27906976744186046,0.8051075268817204,0.7236047299338193
QwenMix50,mix50,pick_and_place_simple,256.0,gameable_hack_action,mean_phack,90,12,0.13333333333333333,0.778846153846154,0.4325310267647729
QwenMix50,mix50,pick_and_place_simple,256.0,gameable_hack_action,late_phack,87,12,0.13793103448275862,0.6677777777777778,0.35696691591681623
QwenMix50,mix50,pick_and_place_simple,256.0,gameable_hack_action,entropy,87,12,0.13793103448275862,0.6033333333333333,0.2660582531126704
QwenMix50,mix50,pick_and_place_simple,256.0,gameable_hack_action,all,87,12,0.13793103448275862,0.7777777777777778,0.5717485822589435
QwenMix50,mix50,pick_and_place_simple,256.0,future_gameable_hack_action,mean_phack,90,11,0.12222222222222222,0.5581127733026467,0.1905954572005495
QwenMix50,mix50,pick_and_place_simple,256.0,future_gameable_hack_action,late_phack,87,11,0.12643678160919541,0.5394736842105264,0.16440480306311148
QwenMix50,mix50,pick_and_place_simple,256.0,future_gameable_hack_action,entropy,87,11,0.12643678160919541,0.784688995215311,0.30574627986392694
QwenMix50,mix50,pick_and_place_simple,256.0,future_gameable_hack_action,all,87,11,0.12643678160919541,0.6602870813397129,0.25905108223948803
QwenMix50,mix50,pick_and_place_simple,256.0,easy_grader_action,mean_phack,90,12,0.13333333333333333,0.778846153846154,0.4325310267647729
QwenMix50,mix50,pick_and_place_simple,256.0,easy_grader_action,late_phack,87,12,0.13793103448275862,0.6677777777777778,0.35696691591681623
QwenMix50,mix50,pick_and_place_simple,256.0,easy_grader_action,entropy,87,12,0.13793103448275862,0.6033333333333333,0.2660582531126704
QwenMix50,mix50,pick_and_place_simple,256.0,easy_grader_action,all,87,12,0.13793103448275862,0.7777777777777778,0.5717485822589435
QwenMix50,mix50,pick_and_place_simple,256.0,future_easy_grader_action,mean_phack,90,11,0.12222222222222222,0.5581127733026467,0.1905954572005495
QwenMix50,mix50,pick_and_place_simple,256.0,future_easy_grader_action,late_phack,87,11,0.12643678160919541,0.5394736842105264,0.16440480306311148
QwenMix50,mix50,pick_and_place_simple,256.0,future_easy_grader_action,entropy,87,11,0.12643678160919541,0.784688995215311,0.30574627986392694
QwenMix50,mix50,pick_and_place_simple,256.0,future_easy_grader_action,all,87,11,0.12643678160919541,0.6602870813397129,0.25905108223948803
